date,group name,rank
2025-08-17,Alex Coal,1
2025-08-17,Millie Morgan,2
2025-08-17,Katrina Colt,3
2025-08-17,Eva Lovia,4
2025-08-17,Jia Lissa,5
2025-08-17,Chanel Camryn,6
2025-08-17,Adriana Chechik,7
2025-08-17,Abigail Mac,8
2025-08-17,Aidra Fox,9
2025-08-17,Octavia Red,10
2025-08-17,Antonia Sainz,11
2025-08-17,Jessica Ryan,12
2025-08-17,Alexis Crystal,13
2025-08-17,Kira Queen,14
2025-08-17,Tori Black,15
2025-08-17,Cassidy Klein,16
2025-08-17,Josephine Jackson,17
2025-08-17,Sybil A,18
2025-08-17,Vintage,19
2025-08-17,Lady Lyne,20
2025-08-17,Cory Chase,21
2025-08-17,Laney Grey,22
2025-08-17,Nephael,23
2025-08-17,Anya Olsen,24
2025-08-17,Aubree Valentine,25
2025-08-17,Cadence Lux,26
2025-08-17,Little Caprice,27
2025-08-17,Ella Hughes,28
2025-08-17,Lily LaBeau,29
2025-08-17,Anita Rover,30
2025-08-17,Serenity Cox,31
2025-08-17,Betzz,32
2025-08-17,Flashing Emma,33
2025-08-17,REBECCA VOLPETTI,34
2025-08-17,CHARLIE FORDE,35
2025-08-17,Crystal Clark,36
2025-08-17,Full Movies,37
2025-08-17,Stacy Cruz,38
2025-08-17,Lexi Luna,39
2025-08-17,Olive Glass,40
2025-08-17,Jessie and Jackson,41
2025-08-17,Melissa sexy hippies,42
2025-08-17,Katie Kush,43
2025-08-17,Brett Rossi,44
2025-08-17,Nikita Bellucci,45
2025-08-17,Kenzie Love,46
2025-08-17,Lexi Dona,47
2025-08-17,Lily Lou,48
2025-08-17,Dolly Dyson,49
2025-08-17,Penny Barber,50
2025-08-17,Sarah Vandella,51
2025-08-17,Cherry Kiss,52
2025-08-17,Gal Ritchie,53
2025-08-17,Britney Amber,54
2025-08-17,EMILY THORNE,55
2025-08-17,Laure Zecchi,56
2025-08-17,Helena Valle,57
2025-08-17,Annie King,58
2025-08-17,Calita Fire,59
2025-08-17,Dani Daniels,60
2025-08-17,Jadilica - Leo Ahsoka,61
2025-08-17,Casey Calvert,62
2025-08-17,Angel Young💋,63
2025-08-17,Lena Paul,64
2025-08-17,Amirah Adara,65
2025-08-17,Angela White,66
2025-08-17,Lilith - Berta Lusty - Felice Morgan,67
2025-08-17,Bonnie Blue,68
2025-08-17,Emma Klein,69
2025-08-17,Joanna Angel,70
2025-08-17,Cherie Deville,71
2025-08-17,Eve Sweet,72
2025-08-17,Lea Pam,73
2025-08-17,Tiffany Leiddi,74
2025-08-17,Andi Rose,75
2025-08-17,Paige Owens,76
2025-08-17,Sumiko,77
2025-08-17,Hailey Rose,78
2025-08-17,Julia Roca,79
2025-08-17,Helena Price,80
2025-08-17,poppynzach,81
2025-08-17,Mia Malkova,82
2025-08-17,Layla Scarlet,83
2025-08-17,Mia melano,84
2025-08-17,Riley Reid,85
2025-08-17,annaplusone,86
2025-08-17,Freya Parker,87
2025-08-17,Aaliyah Love,88
2025-08-17,Agatha Vega,89
2025-08-17,Nicole Emma Vaunt,90
2025-08-17,Charlotte Stokely,91
2025-08-17,Addison Lee,92
2025-08-17,Ophelia Kaan,93
2025-08-17,Ana B,94
2025-08-17,Marie Berger,95
2025-08-17,Savvy Suxx,96
2025-08-17,Nikki Zee,97
2025-08-17,Olivia Sparkle,98
2025-08-17,Chloe Duval,99
2025-08-17,Jeny Smith,100
2025-08-17,maitland ward,101
2025-08-17,Vanna Bardot,102
2025-08-17,Molly Little,103
2025-08-17,Sata Jones,104
2025-08-17,Sloan Harper,105
2025-08-17,Ava Moore,106
2025-08-17,Sharon White,107
2025-08-17,Innocent hotwife,108
2025-08-17,Jane Wilde,109
2025-08-17,Theodora Day,110
2025-08-17,Eden Moore,111
2025-08-17,Lullabyebye,112
2025-08-17,Lena Coxx,113
2025-08-17,LaSirena69,114
2025-08-17,Leya Desantis,115
2025-08-17,Amelia Ost,116
2025-08-17,Kinuski,117
2025-08-17,Alexa Tomas,118
2025-08-17,Eden Ivy,119
2025-08-17,JULIALEXXX,120
2025-08-17,Charlie Red,121
2025-08-17,Kendra Lust,122
2025-08-17,Veronica Weston,123
2025-08-17,Ivey Passion,124
2025-08-17,Milan Cheek,125
2025-08-17,Emma Ruby,126
2025-08-17,Spencer Bradley,127
2025-08-17,Blake Blossom,128
2025-08-17,Nickey Huntsman,129
2025-08-17,Roxy Muray,130
2025-08-17,Valentina Nappi,131
2025-08-17,Alina Lopez,132
2025-08-17,Erin Moore,133
2025-08-17,Alice adorable,134
2025-08-17,Venus Valencia,135
2025-08-17,Nadia Foxx,136
2025-08-17,Alice Klay,137
2025-08-17,Whitney Wright,138
2025-08-17,Chanel Preston,139
2025-08-17,Slimthick Vic,140
2025-08-17,Melody Mae,141
2025-08-17,Katy Rose,142
2025-08-17,Jeniffer Flex,143
2025-08-17,Nesty,144
2025-08-17,JILL KASSIDY,145
2025-08-17,Sophie Choeur,146
2025-08-17,Pristine Edge,147
2025-08-17,Miriam Sinn Nimfa Nice,148
2025-08-17,Bella Rolland,149
2025-08-17,Jesse Pony,150
2025-08-17,Stoya,151
2025-08-17,Lucy Mendez,152
2025-08-17,NakedBakers,153
2025-08-17,Stella Luxx,154
2025-08-17,Maddy Keys,155
2025-08-17,Alice Drake,156
2025-08-17,Sandy Cheeks,157
2025-08-17,Sveltelana,158
2025-08-17,Anissa Kate,159
2025-08-17,Daruma Rai,160
2025-08-17,Whitney OC,161
2025-08-17,Molly Quinn,162
2025-08-17,KENDRA SUNDERLAND,163
2025-08-17,LIZ RAINBOW,164
2025-08-17,Eva Berger,165
2025-08-17,Jenna Sativa,166
2025-08-17,Barbie Feels,167
2025-08-17,Kayden Kross,168
2025-08-17,Veronica Sanchez,169
2025-08-17,Lottie Magne,170
2025-08-17,Cheerleader Kait,171
2025-08-17,ChihuahuaSU,172
2025-08-17,Cassie Del Isla,173
2025-08-17,Carter Cruise,174
2025-08-17,Alice Nice,175
2025-08-17,Jayde Symz,176
2025-08-17,India Summer,177
2025-08-17,Candy Alexa,178
2025-08-17,Lindsey Lakes,179
2025-08-17,Lola Bredly,180
2025-08-17,Vixi Rafi,181
2025-08-17,Liz Jordan,182
2025-08-17,Angelika Grays,183
2025-08-17,Lilly Bella,184
2025-08-17,Isabella Rose,185
2025-08-17,Victoria Brennan,186
2025-08-17,Gypsy Rose,187
2025-08-17,Mary Rock,188
2025-08-17,Leanne Lace,189
2025-08-17,Clemence Audiard,190
2025-08-17,Casey Nohrman,191
2025-08-17,Mila Pie,192
2025-08-17,Thea Lun,193
2025-08-17,🗂INDEX,194
2025-08-17,Reagan Foxx,195
2025-08-17,Keisha Grey,196
2025-08-17,Kimberly Kane,197
2025-08-17,Bobbi Starr,198
2025-08-17,Dee Vine,199
2025-08-17,Candee Licious,200
2025-08-17,Samantha Bentley,201
2025-08-17,Alexa Grace,202
2025-08-17,Conny Carter,203
2025-08-17,Anny Swix,204
2025-08-17,Ovidie,205
2025-08-17,Alexis Deen,206
2025-08-17,Layla London,207
2025-08-17,Paulina Soul,208
2025-08-17,Jade Nile,209
2025-08-17,Ivy Ireland,210
2025-08-17,Ally Breelsen,211
2025-08-17,Krystal Sparks,212
2025-08-17,Dolly Diore,213
2025-08-17,Gracie Gates,214
2025-08-17,Aften Opal,215
2025-08-17,Alecia Fox,216
2025-08-17,Ambra Dolce,217
2025-08-17,Evelyn Claire,218
2025-08-17,Bree Daniels,219
2025-08-17,Andrea Lapiedra,220
2025-08-17,Naomi Wildman,221
2025-08-17,Loli Pop,222
2025-08-17,Amy Douxxx,223
2025-08-17,Lisa Belys,224
2025-08-17,Melody Mynx,225
2025-08-17,Zlata Shine,226
2025-08-17,Eva Ray,227
2025-08-17,Emily Willis,228
2025-08-17,Sara Rich,229
2025-08-17,Lily Bella,230
2025-08-17,Violet Pretty,231
2025-08-17,Hot Pearl,232
2025-08-17,Nikky Dream,233
2025-08-17,Lucy Foxx,234
2025-08-17,Beverly Hillson,235
2025-08-17,zoebytheriver,236
2025-08-17,Alrox,237
2025-08-17,River Lynn,238
2025-08-17,Jade Valentine,239
2025-08-17,Rose Carter,240
2025-08-17,Ivi Rein,241
2025-08-17,Sydney Paige,242
2025-08-17,Serena Sterling,243
2025-08-17,Kristina Grace,244
2025-08-17,Kaira Love,245
2025-08-17,Talia Mint,246
2025-08-17,Alice Flore,247
2025-08-17,Fiona Frost,248
2025-08-17,Stella Sedona,249
2025-08-17,Sandrillon,250
2025-08-17,Siri Dahl,251
2025-08-17,Cherry Candle,252
2025-08-17,Melena Maria Rya,253
2025-08-17,Silvia Soprano,254
2025-08-17,Melissa Stratton,255
2025-08-17,Sara Heat,256
2025-08-17,Zuzu Sweet,257
2025-08-17,Clea Gaultier,258
2025-08-17,Sara Latina,259
2025-08-17,KRISSY LYNN,260
2025-08-17,Graycee Baybee,261
2025-08-17,Stella Cox,262
2025-08-17,April Olsen,263
2025-08-17,Laura Bentley,264
2025-08-17,Dharma Jones,265
2025-08-17,Kitty Lovedream,266
2025-08-17,Remy LaCroix,267
2025-08-17,Sophia Burns,268
2025-08-17,Julia Morozzi,269
2025-08-17,Isabella D,270
2025-08-17,Renee Rose,271
2025-08-17,Freya von Doom,272
2025-08-17,Anika Now,273
2025-08-17,Violet Joly,274
2025-08-17,Anna Claire Clouds,275
2025-08-17,Lucky Bee,276
2025-08-17,Hazel Moore,277
2025-08-17,Valeria Borghese,278
2025-08-17,Chrissy,279
2025-08-17,Lulu Love,280
2025-08-17,SAHARA SKYE,281
2025-08-17,Alika Alba,282
2025-08-17,Nina Nix,283
2025-08-17,Claudia Bavel,284
2025-08-17,Rayveness,285
2025-08-17,Blue Wave,286
2025-08-17,Stella Bliss,287
2025-08-17,Christy Love,288
2025-08-17,RAVEN LANE,289
2025-08-17,Keira Love,290
2025-08-17,Mina Kali,291
2025-08-17,Serina Gomez,292
2025-08-17,Eliza Ibarra,293
2025-08-17,Aurelly Rebel,294
2025-08-17,Cherry X,295
2025-08-17,Elsa Violet,296
2025-08-17,KittyKristen,297
2025-08-17,PE,298
2025-08-17,Juju la bretonne,299
2025-08-17,Penny Flame,300
2025-08-17,Maddy Nelson,301
2025-08-17,HD,302
2025-08-17,PARADISEHILL.cc CHAT 18+,303
2025-08-17,Rebel Rhyder,304
2025-08-17,Stacy Bloom,305
2025-08-17,Sammyyy Stonerrr,306
2025-08-17,Ava Austen,307
2025-08-17,morgpie,308
2025-08-17,Mira Wair,309
2025-08-17,Public,310
2025-08-17,TUSHY,311
2025-08-17,Georgia Jones,312
2025-08-17,Jillian Janson,313
2025-08-17,Lily Love,314
2025-08-17,Anna De Ville,315
2025-08-17,Mya Lorenn,316
2025-08-17,Merida Sat,317
2025-08-17,Chloe Temple,318
2025-08-17,Lindsay Lee,319
2025-08-17,Nika A,320
2025-08-17,Catherine Knight,321
2025-08-17,Valkiria Lapiedra,322
2025-08-17,Juilie Robbie,323
2025-08-17,Kallie Taylor,324
2025-08-17,Renata Foxx,325
2025-08-17,Madison Moores,326
2025-08-17,Riley Jacobs,327
2025-08-17,cristina plaza aa,328
2025-08-17,Cindy Shine,329
2025-08-17,Eva Cela,330
2025-08-17,Alana Cruise,331
2025-08-17,Lauren Phillips,332
