date,group name,rank,last rank,up down,total messages,Datedifference,"count of the hashtag ""#FIVE""","count of the hashtag ""#FOUR""","count of the hashtag ""#Three""","count of the hashtag ""#SceneType""",score,total titles
2025-07-29,Alex Coal,1,1,0,9832,14,42,20,5,64,544.868804664723,70
2025-07-29,Millie Morgan,2,2,0,5353,11,40,17,6,60,506.3570034895278,61
2025-07-29,Katrina Colt,3,3,0,6098,5,37,22,2,58,498.2021969080553,58
2025-07-29,Eva Lovia,4,4,0,8390,75,31,18,2,48,419.5129522923897,48
2025-07-29,Jia Lissa,5,5,0,4627,26,31,12,3,41,387.3999393899138,43
2025-07-29,Chanel Camryn,6,6,0,4695,48,26,22,2,50,386.1484016017194,43
2025-07-29,Adriana Chechik,7,7,0,6953,28,31,11,2,41,383.7365293786932,39
2025-07-29,Abigail Mac,8,8,0,7117,35,25,15,2,39,343.80129084064174,41
2025-07-29,Aidra Fox,9,9,0,6438,123,23,18,4,41,338.8278898912814,49
2025-07-29,Octavia Red,10,10,0,4318,13,22,19,5,46,334.27516386073205,47
2025-07-29,Antonia Sainz,11,11,0,4106,21,25,8,1,29,304.9429233276479,36
2025-07-29,Jessica Ryan,12,12,0,3156,35,21,16,1,35,303.77260898547496,38
2025-07-29,Alexis Crystal,13,13,0,3696,59,21,14,5,36,297.97198177190205,36
2025-07-29,Kira Queen,14,14,0,4246,68,13,29,9,49,297.400184321084,53
2025-07-29,Tori Black,15,15,0,3817,188,26,4,0,23,291.21458283417985,31
2025-07-29,Cassidy Klein,16,16,0,7842,108,20,14,3,31,289.4745390193739,37
2025-07-29,Josephine Jackson,17,17,0,3057,46,18,17,3,36,280.5115675120449,36
2025-07-29,Sybil A,18,18,0,3955,43,22,8,6,34,279.4686434727326,36
2025-07-29,Vintage,19,19,0,1016,62,14,24,9,0,279.2024566655675,120
2025-07-29,Lady Lyne,20,20,0,3116,26,17,18,4,35,276.86312083824583,39
2025-07-29,Cory Chase,21,21,0,6072,67,20,11,4,36,274.2719625569628,36
2025-07-29,Laney Grey,22,22,0,2978,13,20,11,3,32,270.9122671967776,33
2025-07-29,Nephael,23,23,0,359,8,21,8,1,28,261.3214024770666,9
2025-07-29,Anya Olsen,24,24,0,5493,22,18,12,4,33,259.33904582407183,35
2025-07-29,Aubree Valentine,25,25,0,3420,66,18,12,4,36,256.5892249262834,34
2025-07-29,Cadence Lux,26,26,0,2365,91,18,10,1,28,242.1517665883045,29
2025-07-29,Little Caprice,27,27,0,1574,35,17,12,0,27,241.16357725235858,26
2025-07-29,Ella Hughes,28,28,0,6182,14,15,14,2,30,238.15643688604118,29
2025-07-29,Lily LaBeau,29,29,0,4312,8,19,6,0,22,234.3419476357322,25
2025-07-29,Anita Rover,30,30,0,1233,22,13,18,3,26,234.0062549371719,24
2025-07-29,Serenity Cox,31,31,0,819,22,17,8,1,20,221.58518089323374,12
2025-07-29,Betzz,32,32,0,3257,14,17,7,1,20,219.18145722778243,25
2025-07-29,Flashing Emma,33,33,0,226,28,18,3,0,4,204.89458470822944,1
2025-07-29,REBECCA VOLPETTI,34,34,0,3038,13,11,14,5,21,197.97329242053675,29
2025-07-29,CHARLIE FORDE,35,35,0,1976,13,14,8,1,20,192.8931459599997,20
2025-07-29,Crystal Clark,36,36,0,3774,12,12,10,6,27,189.73644575812423,28
2025-07-29,Full Movies,37,37,0,873,11,8,18,3,0,183.8004534488444,58
2025-07-29,Stacy Cruz,38,38,0,2852,105,12,9,3,24,179.44300635516322,26
2025-07-29,Lexi Luna,39,40,1,2789,45,11,10,4,23,176.25356543872925,28
2025-07-29,Olive Glass,40,39,-1,2503,26,10,12,4,24,176.2396464688398,28
2025-07-29,Jessie and Jackson,41,41,0,47,34,13,6,1,9,170.62506256716333,1
2025-07-29,Melissa sexy hippies,42,42,0,99,13,15,2,0,15,169.98407354340085,1
2025-07-29,Katie Kush,43,43,0,2880,22,9,13,1,24,168.68139732936066,23
2025-07-29,Brett Rossi,44,44,0,3171,258,13,5,2,20,166.53713642844096,20
2025-07-29,Nikita Bellucci,45,45,0,266,8,10,9,1,18,156.22681338023992,7
2025-07-29,Kenzie Love,46,46,0,2608,12,10,8,2,20,154.55052224307136,22
2025-07-29,Lexi Dona,47,47,0,2405,46,11,6,1,15,152.84842674719545,18
2025-07-29,Lily Lou,48,48,0,1791,25,10,8,1,19,152.53005773970636,19
2025-07-29,Dolly Dyson,49,49,0,1533,43,8,11,1,19,147.00525860698806,18
2025-07-29,Penny Barber,50,50,0,1925,28,5,16,5,26,146.62261562767614,27
2025-07-29,Sarah Vandella,51,51,0,2773,97,11,5,0,15,146.47927455301544,16
2025-07-29,Cherry Kiss,52,52,0,2889,138,6,13,7,26,142.99958901379915,29
2025-07-29,Gal Ritchie,53,53,0,1392,22,10,5,1,15,137.16797178013366,16
2025-07-29,Britney Amber,54,54,0,2281,22,9,7,0,17,137.07216217883177,15
2025-07-29,EMILY THORNE,55,55,0,702,144,9,7,2,19,135.6877560509267,19
2025-07-29,Laure Zecchi,56,56,0,309,34,8,9,0,13,134.8915393775783,12
2025-07-29,Helena Valle,57,57,0,2140,188,9,7,0,14,134.50892783011147,16
2025-07-29,Annie King,58,58,0,2086,46,7,10,1,18,132.5239759742093,18
2025-07-29,Calita Fire,59,59,0,982,35,10,4,0,13,130.56146171126827,15
2025-07-29,Dani Daniels,60,60,0,885,75,11,2,0,10,129.87971388718222,12
2025-07-29,Jadilica - Leo Ahsoka,61,61,0,1980,26,6,11,0,20,126.70770993507249,19
2025-07-29,Casey Calvert,62,62,0,1840,26,9,4,1,14,122.56531774630112,15
2025-07-29,Angel YoungðŸ’‹,63,63,0,1083,28,8,5,1,13,116.76622832092269,9
2025-07-29,Lena Paul,64,64,0,2128,172,8,5,1,14,115.72995893696314,17
2025-07-29,Amirah Adara,65,65,0,1988,8,7,6,2,12,113.97823730212764,16
2025-07-29,Angela White,66,66,0,988,28,3,12,1,14,101.6696050499707,14
2025-07-29,Lilith - Berta Lusty - Felice Morgan,67,67,0,826,14,7,4,0,11,100.70891857847404,11
2025-07-29,Bonnie Blue,68,68,0,191,22,6,5,3,10,97.94645021788793,3
2025-07-29,Emma Klein,69,69,0,887,11,5,7,2,14,97.81469266772152,11
2025-07-29,Joanna Angel,70,70,0,881,8,8,1,0,9,95.85232192377126,10
2025-07-29,Cherie Deville,71,71,0,911,22,5,6,1,12,91.67875290299776,12
2025-07-29,Eve Sweet,72,72,0,957,13,7,2,0,8,90.85673424315675,9
2025-07-29,Lea Pam,73,73,0,121,26,6,4,0,10,89.81694508560136,4
2025-07-29,Tiffany Leiddi,74,74,0,252,13,5,5,3,11,88.1396878639867,12
2025-07-29,Andi Rose,75,75,0,439,7,6,3,0,8,85.41734670155404,11
2025-07-29,Paige Owens,76,76,0,1768,43,5,4,1,12,82.24427406671143,12
2025-07-29,Sumiko,77,77,0,1549,12,4,6,0,7,81.47342704372228,10
2025-07-29,Hailey Rose,78,78,0,952,48,4,6,1,11,81.34144472621084,12
2025-07-29,Julia Roca,79,79,0,556,46,1,11,5,7,79.96783276835086,6
2025-07-29,Helena Price,80,80,0,1970,74,5,3,2,9,77.99783060963547,10
2025-07-29,poppynzach,81,81,0,20,13,3,7,0,9,74.9037236654513,1
2025-07-29,Mia Malkova,82,82,0,997,264,5,3,2,9,74.23852559738297,11
2025-07-29,Layla Scarlet,83,83,0,778,259,6,1,1,7,73.08866982803815,8
2025-07-29,Mia melano,84,84,0,194,393,6,1,0,6,69.54133821376976,8
2025-07-29,Riley Reid,85,85,0,637,92,5,2,0,6,69.37966288456566,5
2025-07-29,annaplusone,86,86,0,13,109,6,0,0,2,68.49718714639174,1
2025-07-29,Freya Parker,87,87,0,1056,138,2,7,3,12,67.13526842795702,12
2025-07-29,Aaliyah Love,88,88,0,1098,104,3,5,1,9,65.67361290674586,9
2025-07-29,Agatha Vega,89,89,0,507,74,5,1,1,6,65.50983223697476,6
2025-07-29,Nicole Emma Vaunt,90,90,0,624,22,4,3,0,6,65.38684891601648,7
2025-07-29,Charlotte Stokely,91,91,0,431,22,5,1,0,5,65.19055111292454,6
2025-07-29,Addison Lee,92,92,0,742,229,3,5,0,8,62.48937247803923,9
2025-07-29,Ophelia Kaan,93,93,0,893,46,2,6,0,8,60.31059110846478,8
2025-07-29,Ana B,94,94,0,452,104,4,2,0,4,59.01657466427231,6
2025-07-29,Marie Berger,95,95,0,580,287,3,4,0,6,56.47912332432683,7
2025-07-29,Savvy Suxx,96,96,0,479,63,3,3,1,6,55.64170365344789,7
2025-07-29,Nikki Zee,97,97,0,454,21,2,5,0,7,55.22852137484077,7
2025-07-29,Olivia Sparkle,98,98,0,753,67,4,1,0,5,54.86207647071382,5
2025-07-29,Chloe Duval,99,99,0,65,91,2,5,1,7,54.812466344203614,3
2025-07-29,Jeny Smith,100,100,0,39,252,1,7,3,2,54.43908330506444,11
2025-07-29,maitland ward,101,101,0,685,313,3,3,1,6,52.20690871954966,8
2025-07-29,Vanna Bardot,102,102,0,692,85,3,2,2,7,51.53764348933808,9
2025-07-29,Molly Little,103,103,0,664,211,1,6,3,9,50.67243035770626,15
2025-07-29,Sata Jones,104,104,0,594,11,2,4,0,5,50.51668615836431,6
2025-07-29,Sloan Harper,105,105,0,1478,137,3,2,0,5,49.57905642787163,5
2025-07-29,Ava Moore,106,106,0,288,46,1,5,1,2,45.69525343555998,2
2025-07-29,Sharon White,107,107,0,388,13,3,1,0,4,45.27801170450745,4
2025-07-29,Innocent hotwife,108,108,0,146,13,2,3,0,5,45.031876635345526,1
2025-07-29,Jane Wilde,109,109,0,374,43,3,1,0,4,44.82645470137375,4
2025-07-29,Theodora Day,110,110,0,634,168,3,1,1,5,44.26873990326108,5
2025-07-29,Eden Moore,111,111,0,170,144,2,3,0,3,43.14666573359554,5
2025-07-29,Lullabyebye,112,112,0,100,152,3,1,0,8,42.95885156340811,3
2025-07-29,Lena Coxx,113,113,0,369,43,3,0,1,4,40.821369266060486,4
2025-07-29,LaSirena69,114,114,0,678,26,2,2,0,4,40.38346257949885,4
2025-07-29,Leya Desantis,115,115,0,504,47,2,2,0,4,39.90036698161771,4
2025-07-29,Amelia Ost,116,116,0,1230,126,1,4,0,4,39.4871686905612,5
2025-07-29,Kinuski,117,117,0,456,75,1,4,0,5,39.443383537304264,6
2025-07-29,Alexa Tomas,118,118,0,451,202,2,2,0,4,37.58698614863823,4
2025-07-29,Eden Ivy,119,119,0,344,211,0,6,0,6,37.34696249765744,7
2025-07-29,JULIALEXXX,120,120,0,30,210,2,2,0,4,37.042174419459755,5
2025-07-29,Charlie Red,121,121,0,575,354,2,2,1,5,36.49736150417391,5
2025-07-29,Kendra Lust,122,122,0,275,97,2,1,2,4,35.93859107050934,5
2025-07-29,Veronica Weston,123,123,0,313,356,3,0,0,3,35.2017301748085,3
2025-07-29,Ivey Passion,124,124,0,156,110,2,1,1,4,34.62805333687584,4
2025-07-29,Milan Cheek,125,125,0,317,134,2,1,0,2,33.44195012655766,3
2025-07-29,Emma Ruby,126,126,0,4,116,2,1,0,0,33.38599254650134,1
2025-07-29,Spencer Bradley,127,127,0,327,211,2,1,1,4,33.329672017592344,4
2025-07-29,Blake Blossom,128,128,0,243,176,2,1,0,3,32.75444078596218,3
2025-07-29,Nickey Huntsman,129,129,0,542,290,0,5,0,5,31.39674223752037,5
2025-07-29,Roxy Muray,130,130,0,373,8,2,0,0,1,30.33564169594375,2
2025-07-29,Valentina Nappi,131,131,0,931,124,1,2,1,3,30.212214177778517,6
2025-07-29,Alina Lopez,132,132,0,267,355,1,3,0,4,30.169521429401705,4
2025-07-29,Erin Moore,133,133,0,141,21,2,0,0,2,29.91017312423051,1
2025-07-29,Alice adorable,134,134,0,114,26,1,2,0,0,29.8098254761628,0
2025-07-29,Venus Valencia,135,135,0,320,46,2,0,0,2,29.727800221564856,2
2025-07-29,Nadia Foxx,136,136,0,21,34,2,0,0,2,29.598618303534366,1
2025-07-29,Alice Klay,137,137,0,331,91,2,0,0,2,29.083011502869194,2
2025-07-29,Whitney Wright,138,138,0,563,179,0,4,1,5,29.036176867585347,5
2025-07-29,Chanel Preston,139,139,0,336,145,0,4,0,5,28.30092492652065,4
2025-07-29,Slimthick Vic,140,140,0,529,230,1,2,1,4,28.258155674219008,4
2025-07-29,Melody Mae,141,141,0,602,172,0,4,0,5,28.17788407935533,4
2025-07-29,Katy Rose,142,142,0,322,183,1,2,0,3,27.732749847585204,4
2025-07-29,Jeniffer Flex,143,143,0,197,176,2,0,0,2,27.707654781080162,2
2025-07-29,Nesty,144,144,0,278,211,2,0,0,2,27.27983475152237,3
2025-07-29,JILL KASSIDY,145,145,0,1036,284,1,2,0,3,26.98664680332205,4
2025-07-29,Sophie Choeur,146,146,0,35,13,0,3,2,0,26.91897997139109,1
2025-07-29,Pristine Edge,147,147,0,443,43,0,3,2,5,26.896633708696775,5
2025-07-29,Miriam Sinn Nimfa Nice,148,148,0,709,46,0,3,1,3,26.1234470889367,4
2025-07-29,Bella Rolland,149,149,0,145,294,1,2,0,3,25.934649635746432,3
2025-07-29,Jesse Pony,150,150,0,315,7,1,1,0,2,25.29122790578512,3
2025-07-29,Stoya,151,151,0,145,342,1,2,0,3,25.234941180935934,3
2025-07-29,Lucy Mendez,152,152,0,392,46,0,3,0,3,24.80103049007584,3
2025-07-29,NakedBakers,153,153,0,71,28,1,1,0,0,24.7369362135183,1
2025-07-29,Stella Luxx,154,154,0,295,66,0,3,0,3,24.41082785549417,3
2025-07-29,Maddy Keys,155,155,0,4,63,0,3,0,1,24.158587298687927,1
2025-07-29,Alice Drake,156,156,0,278,103,1,1,0,2,23.854178774845984,2
2025-07-29,Sandy Cheeks,157,157,0,417,117,0,3,0,3,23.79147224390163,3
2025-07-29,Sveltelana,158,158,0,239,109,1,1,0,0,23.72704882255122,2
2025-07-29,Anissa Kate,159,159,0,327,208,0,3,1,3,23.373403796018003,4
2025-07-29,Daruma Rai,160,160,0,329,176,1,1,0,2,22.8419102733503,2
2025-07-29,Whitney OC,161,161,0,391,207,1,1,0,2,22.453074627502986,2
2025-07-29,Molly Quinn,162,162,0,331,203,1,1,0,2,22.450358441644703,2
2025-07-29,KENDRA SUNDERLAND,163,163,0,276,230,0,3,0,3,22.00083264736791,3
2025-07-29,LIZ RAINBOW,164,164,0,302,235,0,3,0,3,21.95439061362078,4
2025-07-29,Eva Berger,165,165,0,239,256,1,1,0,2,21.58419167969408,2
2025-07-29,Jenna Sativa,166,166,0,98,257,1,1,0,2,21.426205144384852,2
2025-07-29,Barbie Feels,167,167,0,231,354,1,1,1,3,21.14748355462143,3
2025-07-29,Kayden Kross,168,168,0,169,307,0,3,0,2,20.76955535207225,6
2025-07-29,Veronica Sanchez,169,169,0,138,339,1,1,0,2,20.27155334992302,2
2025-07-29,Lottie Magne,170,170,0,177,343,1,1,0,1,20.252910707465595,2
2025-07-29,Cheerleader Kait,171,171,0,133,13,1,0,0,1,20.01865450353104,1
2025-07-29,ChihuahuaSU,172,172,0,41,8,1,0,0,1,19.9979687911431,2
2025-07-29,Cassie Del Isla,173,173,0,286,393,0,3,0,3,19.634910223533794,3
2025-07-29,Carter Cruise,174,174,0,63,393,1,1,0,2,19.408099808562273,2
2025-07-29,Alice Nice,175,175,0,140,400,1,1,0,2,19.38437469605999,2
2025-07-29,Jayde Symz,176,176,0,52,59,1,0,0,1,19.265716515596125,1
2025-07-29,India Summer,177,177,0,53,69,1,0,0,1,19.120961007906594,1
2025-07-29,Candy Alexa,178,178,0,80,75,1,0,0,1,19.0609588017469,1
2025-07-29,Lindsey Lakes,179,180,1,315,110,0,2,0,2,18.789770179837596,2
2025-07-29,Lola Bredly,180,179,-1,349,113,1,0,0,1,18.78061936154213,1
2025-07-29,Vixi Rafi,181,181,0,445,132,0,2,0,2,18.60129178952762,2
2025-07-29,Liz Jordan,182,182,0,160,123,1,0,0,1,18.44261731194861,1
2025-07-29,Angelika Grays,183,183,0,123,126,1,0,0,1,18.36125331220481,1
2025-07-29,Lilly Bella,184,184,0,214,139,1,0,0,1,18.26430386172835,1
2025-07-29,Isabella Rose,185,185,0,122,139,1,0,0,1,18.170731851964312,1
2025-07-29,Victoria Brennan,186,186,0,94,139,1,0,0,1,18.142253414210042,1
2025-07-29,Gypsy Rose,187,187,0,108,152,1,0,0,1,17.966988259909332,1
2025-07-29,Mary Rock,188,188,0,171,182,0,2,0,2,17.593746960599887,2
2025-07-29,Leanne Lace,189,189,0,145,186,0,2,0,2,17.508993659070043,2
2025-07-29,Clemence Audiard,190,190,0,230,194,0,2,0,2,17.478827983593764,2
2025-07-29,Casey Nohrman,191,191,0,102,203,1,0,0,1,17.217445504297267,1
2025-07-29,Mila Pie,192,192,0,147,210,1,0,0,1,17.161173605790104,1
2025-07-29,Thea Lun,193,193,0,106,230,1,0,0,1,16.827927846716975,1
2025-07-29,ðŸ—‚INDEX,194,194,0,3,223,1,0,0,0,16.82520869559029,1
2025-07-29,Reagan Foxx,195,195,0,99,235,0,2,0,2,16.747921939902312,3
2025-07-29,Keisha Grey,196,196,0,2,235,1,0,0,0,16.64926449482501,1
2025-07-29,Kimberly Kane,197,197,0,116,250,1,0,0,1,16.546553527839126,1
2025-07-29,Bobbi Starr,198,198,0,99,258,1,0,0,1,16.412644971972284,1
2025-07-29,Dee Vine,199,199,0,176,266,1,0,0,0,16.374342599994783,1
2025-07-29,Candee Licious,200,200,0,171,285,0,2,0,2,16.092289234652362,2
2025-07-29,Samantha Bentley,201,201,0,32,279,1,0,0,1,16.03837768979497,1
2025-07-29,Alexa Grace,202,202,0,182,290,1,0,0,1,16.03059089496545,1
2025-07-29,Conny Carter,203,203,0,30,293,1,0,0,1,15.832261883016603,1
2025-07-29,Anny Swix,204,204,0,105,312,1,0,0,1,15.63157548268639,1
2025-07-29,Ovidie,205,205,0,15,313,1,0,0,1,15.52546038757244,1
2025-07-29,Alexis Deen,206,206,0,315,339,1,0,0,1,15.451577760012526,1
2025-07-29,Layla London,207,207,0,443,359,1,0,0,1,15.29021971452768,1
2025-07-29,Paulina Soul,208,208,0,134,342,1,0,0,1,15.223753223246757,1
2025-07-29,Jade Nile,209,209,0,127,342,1,0,0,1,15.216633613808188,1
2025-07-29,Ivy Ireland,210,210,0,211,7,0,1,0,1,15.185450851269255,2
2025-07-29,Ally Breelsen,211,211,0,145,348,1,0,0,1,15.147477624084623,1
2025-07-29,Dolly Diore,212,212,0,141,348,1,0,0,1,15.143409275834012,1
2025-07-29,Krystal Sparks,213,213,0,129,348,0,2,0,2,15.131204231082181,2
2025-07-29,Gracie Gates,214,214,0,103,349,1,0,0,1,15.090182707977995,1
2025-07-29,Aften Opal,215,215,0,102,349,1,0,0,1,15.089165620915342,1
2025-07-29,Alecia Fox,216,216,0,179,355,1,0,0,1,15.080017767888279,1
2025-07-29,Ambra Dolce,217,217,0,75,348,1,0,0,1,15.076281529698942,1
2025-07-29,Evelyn Claire,218,218,0,172,355,1,0,0,1,15.07289815844971,1
2025-07-29,Bree Daniels,219,219,0,71,348,1,0,0,1,15.072213181448332,1
2025-07-29,Andrea Lapiedra,220,220,0,38,348,1,0,0,1,15.038649308380798,1
2025-07-29,Naomi Wildman,221,221,0,40,75,0,1,1,0,15.020275319240795,1
2025-07-29,Loli Pop,222,222,0,272,48,0,1,0,1,14.649825523607095,1
2025-07-29,Amy Douxxx,223,223,0,151,46,0,1,0,1,14.555912507976572,1
2025-07-29,Lisa Belys,224,225,1,100,402,1,0,0,1,14.314536694603449,1
2025-07-29,Melody Mynx,225,224,-1,149,63,0,1,0,1,14.30606492277255,1
2025-07-29,Zlata Shine,226,226,0,205,136,0,1,1,2,14.298881856590132,2
2025-07-29,Eva Ray,227,227,0,900,126,0,1,0,1,14.151529959885849,1
2025-07-29,Emily Willis,228,228,0,100,415,1,0,0,2,14.125032321425607,3
2025-07-29,Sara Rich,229,229,0,33,412,1,0,0,1,14.100619266653538,1
2025-07-29,Lily Bella,230,230,0,91,75,0,1,0,1,14.072146759436077,1
2025-07-29,Violet Pretty,231,231,0,57,75,0,1,0,1,14.037565799305888,1
2025-07-29,Hot Pearl,232,232,0,81,77,0,1,0,1,14.032821369859114,1
2025-07-29,Nikky Dream,233,233,0,75,78,0,1,0,1,14.01214158800798,1
2025-07-29,Lucy Foxx,234,234,0,173,105,0,1,0,1,13.718230114317027,1
2025-07-29,Beverly Hillson,235,235,0,52,105,0,1,0,1,13.59516257973607,1
2025-07-29,zoebytheriver,236,236,0,43,112,0,1,0,1,13.483967979845664,1
2025-07-29,Alrox,237,237,0,266,133,0,1,0,1,13.404655945837593,2
2025-07-29,River Lynn,238,239,1,109,126,0,1,0,1,13.347014093327672,1
2025-07-29,Jade Valentine,239,238,-1,78,124,0,1,0,1,13.34463891333588,1
2025-07-29,Rose Carter,240,240,0,54,144,0,1,0,1,13.028683634327844,1
2025-07-29,Ivi Rein,241,241,0,126,158,0,1,0,1,12.897832270185768,1
2025-07-29,Sydney Paige,242,242,0,118,158,0,1,0,1,12.889695573684548,1
2025-07-29,Serena Sterling,243,243,0,263,175,0,1,0,1,12.78935978669045,1
2025-07-29,Kristina Grace,244,244,0,270,176,0,1,0,1,12.781902136653802,1
2025-07-29,Kaira Love,245,245,0,219,179,0,1,0,1,12.686298918032865,1
2025-07-29,Talia Mint,246,246,0,69,175,0,1,0,1,12.592044896535855,1
2025-07-29,Alice Flore,247,247,0,237,188,0,1,0,1,12.573411149883643,1
2025-07-29,Fiona Frost,248,248,0,135,256,0,1,1,2,12.478414625178212,2
2025-07-29,Stella Sedona,249,249,0,52,211,0,1,0,1,12.04997307536289,1
2025-07-29,Sandrillon,250,250,0,102,218,0,1,0,1,11.998786612168988,1
2025-07-29,Siri Dahl,251,251,0,47,421,0,1,3,4,11.983663150253708,7
2025-07-29,Cherry Candle,252,252,0,284,305,0,1,1,2,11.91567488322773,2
2025-07-29,Melena Maria Rya,253,253,0,22,224,0,1,0,1,11.829956090305469,1
2025-07-29,Silvia Soprano,254,254,0,94,236,0,1,0,1,11.728259245113831,1
2025-07-29,Melissa Stratton,255,255,0,134,244,0,1,0,1,11.652324651818184,1
2025-07-29,Sara Heat,256,257,1,195,252,0,1,0,0,11.597748886838243,1
2025-07-29,Zuzu Sweet,257,256,-1,208,253,0,1,0,1,11.596393759177506,1
2025-07-29,Clea Gaultier,258,258,0,715,360,0,1,1,2,11.552290136093958,2
2025-07-29,Sara Latina,259,259,0,18,256,0,1,0,1,11.359415438847861,1
2025-07-29,KRISSY LYNN,260,260,0,227,343,0,1,1,2,11.303765060598225,2
2025-07-29,Graycee Baybee,261,261,0,239,348,0,1,1,2,11.243083807973964,2
2025-07-29,Stella Cox,262,262,0,196,348,0,1,1,2,11.199349064279902,2
2025-07-29,April Olsen,263,263,0,150,348,0,1,1,2,11.152563059397885,2
2025-07-29,Laura Bentley,264,264,0,88,280,0,1,0,1,11.080757305828294,1
2025-07-29,Dharma Jones,265,265,0,65,285,0,1,0,1,10.98447800601119,1
2025-07-29,Remy LaCroix,266,267,1,236,307,0,1,0,1,10.83770018526997,1
2025-07-29,Kitty Lovedream,267,266,-1,122,300,0,1,0,1,10.823793076454107,1
2025-07-29,Sophia Burns,268,268,0,14,294,0,1,0,1,10.801411230538942,1
2025-07-29,Julia Morozzi,269,269,0,162,312,0,1,0,0,10.689549445257587,1
2025-07-29,Isabella D,270,270,0,151,312,0,1,0,0,10.67836148756841,1
2025-07-29,Renee Rose,271,271,0,161,314,0,1,0,1,10.659377839244497,1
2025-07-29,Freya von Doom,272,272,0,368,339,0,1,0,1,10.50548337433311,1
2025-07-29,Anika Now,273,273,0,198,66,0,0,1,1,10.312170410416869,1
2025-07-29,Violet Joly,274,274,0,199,349,0,1,0,1,10.18782306599264,1
2025-07-29,Anna Claire Clouds,275,275,0,107,343,0,1,0,1,10.181714613079919,1
2025-07-29,Hazel Moore,276,276,0,48,339,0,1,0,1,10.18001551428429,1
2025-07-29,Lucky Bee,277,277,0,174,348,0,1,0,1,10.176973148901546,1
2025-07-29,Valeria Borghese,278,278,0,11,339,0,1,0,1,10.142383292966146,1
2025-07-29,Chrissy,279,279,0,9,339,0,1,0,1,10.140349118840842,1
2025-07-29,Lulu Love,280,280,0,31,343,0,1,0,1,10.104415996318323,1
2025-07-29,SAHARA SKYE,281,281,0,199,356,0,1,0,1,10.08578224966611,1
2025-07-29,Alika Alba,282,282,0,161,356,0,1,0,1,10.047132941285314,1
2025-07-29,Nina Nix,283,283,0,28,349,0,1,0,1,10.013901178279053,1
2025-07-29,Blue Wave,284,284,0,13,348,0,1,0,1,10.013222131814484,1
2025-07-29,Claudia Bavel,285,285,0,111,355,0,1,0,1,10.010855847627905,4
2025-07-29,Rayveness,286,286,0,101,355,0,1,0,2,10.000684977001377,1
2025-07-29,Stella Bliss,287,287,0,67,354,0,1,0,1,9.98068127634641,1
2025-07-29,Christy Love,288,288,0,83,356,0,1,0,1,9.967800150398414,1
2025-07-29,RAVEN LANE,289,289,0,72,356,0,1,0,1,9.956612192709237,1
2025-07-29,Keira Love,290,290,0,153,110,0,0,1,1,9.625002075687883,1
2025-07-29,Mina Kali,291,291,0,117,389,0,1,0,2,9.521331547846383,1
2025-07-29,Serina Gomez,292,292,0,136,400,0,1,0,1,9.380306347809379,1
2025-07-29,Eliza Ibarra,293,293,0,78,400,0,1,0,1,9.32131529817553,1
2025-07-29,Aurelly Rebel,294,294,0,156,132,0,0,1,1,9.30735362842103,1
2025-07-29,Cherry X,295,295,0,5,402,0,1,0,1,9.217913423651456,1
2025-07-29,Elsa Violet,296,296,0,135,412,0,1,0,1,9.204362147044101,1
2025-07-29,KittyKristen,297,297,0,2,63,0,0,0,0,9.156553124562622,1
2025-07-29,PE,298,298,0,29,75,0,0,0,0,9.009087361551618,0
2025-07-29,Juju la bretonne,299,299,0,99,97,0,0,0,0,8.759583747482488,1
2025-07-29,Penny Flame,300,300,0,34,444,0,1,0,1,8.635164050509196,1
2025-07-29,Maddy Nelson,301,301,0,162,187,0,0,1,0,8.511706879659918,1
2025-07-29,HD,302,302,0,44,132,0,0,0,5,8.193439877403943,4
2025-07-29,PARADISEHILL.cc CHAT 18+,303,303,0,2,135,0,0,0,0,8.106990442346879,0
2025-07-29,Rebel Rhyder,304,304,0,108,218,0,0,1,1,8.004889134544902,1
2025-07-29,Stacy Bloom,305,305,0,81,229,0,0,1,1,7.817077929625879,4
2025-07-29,Sammyyy Stonerrr,306,306,0,105,239,0,0,1,1,7.695715424377354,1
2025-07-29,Ava Austen,307,307,0,8,168,0,0,0,0,7.632043402040579,1
2025-07-29,morgpie,308,308,0,23,194,0,0,0,0,7.2682909616246825,0
2025-07-29,Mira Wair,309,309,0,3,194,0,0,0,0,7.247949220371631,1
2025-07-29,Public,310,310,0,52,207,0,0,0,0,7.108282113263765,0
2025-07-29,TUSHY,311,311,0,12,207,0,0,0,0,7.0675986307576615,2
2025-07-29,Georgia Jones,312,312,0,142,294,0,0,1,1,6.9315983745584715,1
2025-07-29,Jillian Janson,313,313,0,114,298,0,0,1,1,6.844810898903325,1
2025-07-29,Lily Love,314,315,1,3,229,0,0,0,0,6.737745138738979,1
2025-07-29,Anna De Ville,315,314,-1,235,314,0,0,1,1,6.734642281880786,1
2025-07-29,Mya Lorenn,316,316,0,6,252,0,0,0,0,6.4055194319969075,1
2025-07-29,Merida Sat,317,317,0,138,340,0,0,1,1,6.256976090447802,1
2025-07-29,Chloe Temple,318,318,0,118,343,0,0,1,1,6.192902570769096,1
2025-07-29,Lindsay Lee,319,319,0,136,348,0,0,1,1,6.138323840520749,1
2025-07-29,Nika A,320,320,0,130,349,0,0,1,1,6.1176440586696135,1
2025-07-29,Catherine Knight,321,321,0,101,349,0,0,1,1,6.0881485338526895,1
2025-07-29,Valkiria Lapiedra,322,322,0,101,349,0,0,1,1,6.0881485338526895,1
2025-07-29,Juilie Robbie,323,323,0,101,349,0,0,1,1,6.0881485338526895,1
2025-07-29,Kallie Taylor,324,324,0,78,348,0,0,1,1,6.0793327908869,1
2025-07-29,Renata Foxx,325,325,0,33,349,0,0,1,1,6.018986613592316,1
2025-07-29,Madison Moores,326,326,0,4,279,0,0,0,0,6.0098992520406975,1
2025-07-29,Riley Jacobs,327,327,0,7,348,0,0,1,1,6.007119609438568,1
2025-07-29,cristina plaza aa,328,328,0,25,299,0,0,0,0,5.739712890852028,1
2025-07-29,Cindy Shine,329,329,0,37,389,0,0,1,1,5.439964582834179,1
2025-07-29,Eva Cela,330,330,0,9,339,0,0,0,0,5.140349118840841,1
2025-07-29,Alana Cruise,331,331,0,2,349,0,0,0,0,4.987456914650086,1
2025-07-29,Lauren Phillips,332,332,0,160,691,0,0,0,0,0.1627339300244101,1
